8187, 1, 1, 1, 1, 1, 1, 1, 33, 10, 11, 12, 1, 1, 1, 1, 1, 1, 1, 2, 166, 14, 10, 2, 2, 1, 1, 3, 4, 3, 10, 29, 44, 13, 1, 1, 10, 1, 1, 5, 1, 21, 3, 5, 3, 2, 1, 1, 6, 1, 2, 4, 4, 4, 4, 5, 3, 4, 4, 13, 14, 7, 3, 3, 2, 1, 1, 1, 1, 1, 1, 1, 1, 1, 1, 1, 2, 6, 3, 3, 4, 4, 5, 5, 19, 632, 47, 1, 1, 1, 1, 1, 1, 1, 8, 3, 2, 11, 2, 1
1, 1, 2, 1, 1, 1, 15, 32, 9, 10, 11, 6, 1, 1, 1, 1, 1, 1, 1, 165, 13, 4, 3, 2, 1, 1, 2, 3, 2, 9, 28, 27, 14, 2, 12, 1, 7, 1, 1, 3, 3, 1, 16, 2, 4, 2, 1, 1, 4, 1, 3, 3, 3, 3, 4, 2, 3, 3, 4, 4, 4, 13, 6, 2, 2, 1, 1, 1, 1, 1, 2, 1, 1, 1, 1, 1, 5, 2, 2, 3, 3, 4, 4, 5, 6, 7, 631, 46, 41, 36, 25, 18, 11, 5, 4, 3, 2, 1, 10, 1
1, 1, 1, 3, 2, 13, 16, 8, 9, 10, 5, 90, 98, 101, 106, 109, 115, 120, 164, 2, 7, 3, 3, 2, 1, 1, 2, 1, 8, 27, 2, 22, 2, 13, 1, 11, 4, 2, 2, 1, 1, 8, 5, 2, 1, 3, 1, 1, 2, 2, 2, 2, 2, 3, 1, 2, 2, 3, 3, 3, 3, 4, 5, 5, 1, 1, 1, 6, 1, 4, 1, 29, 24, 2, 15, 4, 1, 1, 2, 2, 3, 3, 4, 5, 6, 6, 620, 4, 4, 4, 10, 6, 6, 5, 4, 3, 2, 1, 1, 8
1, 1, 2, 2, 9, 15, 7, 8, 9, 4, 89, 1, 1, 3, 1, 4, 3, 26, 2, 14, 1, 6, 2, 2, 1, 1, 3, 7, 26, 1, 1, 2, 18, 1, 12, 1, 9, 3, 1, 1, 2, 2, 3, 4, 1, 1, 1, 1, 1, 1, 1, 1, 1, 1, 1, 1, 2, 2, 2, 2, 3, 4, 2, 2, 1, 1, 1, 1, 8, 7, 37, 4, 3, 20, 2, 14, 3, 1, 1, 2, 2, 3, 4, 5, 5, 6, 610, 3, 3, 3, 3, 9, 5, 5, 4, 3, 2, 1, 1, 6
1, 1, 2, 3, 14, 6, 7, 8, 3, 78, 6, 4, 1, 1, 3, 2, 2, 21, 2, 1, 13, 3, 2, 1, 1, 2, 3, 4, 19, 2, 1, 1, 15, 1, 10, 1, 1, 7, 2, 1, 1, 2, 1, 1, 1, 1, 1, 1, 1, 1, 1, 1, 1, 1, 1, 1, 1, 1, 1, 2, 3, 1, 1, 1, 1, 2, 2, 1, 1, 72, 3, 3, 3, 2, 2, 1, 13, 2, 1, 1, 2, 3, 4, 4, 5, 13, 586, 10, 2, 2, 2, 2, 8, 4, 4, 3, 2, 1, 1, 4
1, 1, 2, 13, 5, 6, 7, 2, 70, 4, 3, 5, 3, 2, 1, 1, 12, 5, 3, 1, 1, 11, 2, 1, 1, 2, 3, 4, 13, 1, 1, 8, 5, 1, 1, 8, 1, 3, 2, 1, 1, 1, 1, 1, 1, 1, 4, 1, 1, 2, 2, 3, 1, 2, 3, 1, 1, 1, 1, 1, 1, 1, 1, 1, 2, 2, 5, 1, 75, 5, 16, 2, 2, 2, 1, 1, 1, 11, 1, 1, 2, 3, 3, 4, 12, 1, 3, 581, 9, 1, 1, 1, 1, 7, 3, 3, 2, 1, 1, 2
1, 2, 8, 4, 5, 6, 1, 61, 4, 4, 3, 2, 4, 2, 1, 1, 9, 1, 4, 2, 5, 1, 4, 1, 1, 2, 3, 9, 2, 1, 7, 2, 1, 1, 2, 4, 1, 1, 1, 1, 1, 1, 2, 2, 2, 2, 7, 1, 1, 2, 3, 6, 1, 2, 7, 2, 2, 1, 1, 1, 1, 1, 2, 2, 2, 3, 3, 6, 87, 3, 4, 15, 1, 1, 1, 1, 1, 1, 8, 1, 2, 2, 3, 5, 6, 2, 51, 501, 28, 8, 1, 1, 1, 3, 3, 2, 2, 1, 1, 3
1, 4, 3, 4, 5, 6, 53, 4, 3, 3, 3, 2, 1, 3, 1, 1, 4, 3, 2, 1, 1, 4, 2, 1, 1, 2, 2, 4, 2, 1, 4, 2, 1, 1, 1, 1, 1, 1, 1, 1, 1, 2, 2, 3, 3, 3, 11, 1, 1, 2, 3, 4, 7, 11, 1, 5, 2, 2, 1, 1, 2, 2, 2, 3, 3, 9, 7, 88, 1, 2, 2, 3, 14, 1, 2, 1, 1, 1, 6, 1, 1, 2, 4, 5, 1, 1, 46, 3, 500, 27, 6, 2, 1, 1, 2, 2, 1, 1, 2, 1
1, 2, 3, 4, 5, 39, 4, 3, 3, 2, 2, 2, 1, 1, 1, 1, 1, 1, 2, 1, 1, 1, 1, 1, 1, 1, 1, 1, 1, 1, 1, 2, 1, 1, 1, 1, 1, 1, 4, 1, 1, 2, 3, 3, 4, 4, 4, 12, 2, 117, 6, 1, 5, 172, 1, 189, 3, 2, 1, 1, 2, 3, 3, 3, 4, 20, 89, 51, 3, 1, 1, 1, 2, 12, 8, 5, 3, 2, 2, 1, 1, 3, 4, 3, 1, 16, 27, 2, 2, 499, 26, 2, 3, 1, 1, 1, 1, 1, 1, 2
1, 2, 3, 4, 32, 3, 3, 3, 2, 2, 1, 1, 1, 1, 1, 1, 1, 1, 1, 1, 1, 1, 1, 1, 1, 1, 1, 1, 1, 1, 1, 1, 1, 1, 2, 2, 2, 2, 7, 1, 1, 2, 3, 4, 4, 85, 92, 99, 113, 2, 126, 141, 148, 4, 179, 1, 200, 2, 1, 1, 2, 3, 4, 4, 4, 114, 55, 3, 46, 1, 1, 1, 1, 1, 1, 1, 1, 2, 1, 1, 2, 3, 2, 6, 14, 6, 18, 2, 1, 1, 498, 25, 1, 2, 1, 1, 1, 1, 1, 1
1, 2, 3, 25, 3, 3, 2, 2, 2, 1, 1, 1, 1, 1, 2, 2, 4, 2, 1, 1, 1, 4, 2, 1, 1, 2, 2, 2, 4, 2, 2, 1, 1, 1, 4, 3, 3, 3, 11, 1, 1, 2, 49, 56, 76, 2, 2, 1, 1, 6, 8, 5, 3, 1, 1, 4, 4, 208, 212, 2, 2, 3, 4, 5, 123, 57, 1, 3, 2, 45, 42, 38, 1, 1, 17, 12, 1, 1, 1, 1, 2, 1, 5, 4, 5, 14, 1, 2, 1, 33, 456, 8, 20, 12, 2, 2, 1, 1, 4, 2
1, 2, 17, 4, 3, 2, 2, 1, 1, 1, 1, 1, 2, 2, 4, 1, 3, 8, 2, 1, 1, 8, 2, 1, 1, 2, 3, 3, 9, 3, 2, 2, 1, 1, 1, 6, 11, 4, 4, 12, 2, 44, 3, 11, 2, 2, 1, 1, 5, 7, 2, 1, 1, 2, 3, 3, 3, 1, 1, 213, 3, 3, 4, 5, 186, 1, 47, 41, 2, 1, 1, 2, 35, 30, 7, 4, 9, 4, 1, 1, 2, 4, 3, 4, 3, 2, 8, 1, 32, 4, 447, 4, 7, 5, 8, 4, 1, 1, 2, 5
1, 11, 3, 2, 3, 2, 1, 1, 1, 1, 1, 2, 2, 3, 3, 9, 1, 11, 2, 1, 1, 12, 2, 1, 1, 2, 3, 16, 4, 3, 3, 2, 1, 1, 1, 1, 1, 14, 20, 26, 40, 2, 6, 2, 2, 1, 1, 4, 1, 1, 4, 1, 1, 2, 2, 2, 2, 4, 7, 10, 225, 230, 4, 5, 193, 48, 1, 2, 40, 1, 1, 1, 1, 3, 5, 6, 3, 3, 2, 1, 1, 2, 3, 2, 1, 1, 6, 31, 3, 3, 438, 5, 3, 6, 4, 1, 1, 1, 2, 29
4, 3, 3, 2, 1, 2, 1, 1, 1, 2, 2, 2, 5, 1, 4, 14, 12, 3, 2, 1, 1, 16, 2, 1, 1, 2, 6, 1, 24, 4, 3, 2, 1, 1, 2, 2, 1, 1, 1, 1, 1, 1, 3, 1, 1, 1, 1, 1, 1, 1, 1, 1, 1, 1, 1, 1, 1, 2, 1, 1, 1, 1, 232, 203, 51, 2, 1, 1, 1, 39, 2, 1, 1, 1, 2, 4, 5, 2, 2, 1, 1, 2, 1, 2, 3, 5, 30, 2, 2, 430, 4, 3, 4, 2, 5, 3, 1, 1, 2, 22
3, 3, 2, 2, 1, 1, 1, 1, 2, 2, 3, 3, 3, 6, 2, 5, 30, 3, 1, 1, 19, 3, 1, 1, 2, 2, 10, 25, 5, 10, 5, 1, 1, 2, 2, 3, 3, 1, 1, 1, 1, 1, 1, 1, 1, 1, 1, 1, 1, 1, 1, 1, 1, 1, 1, 1, 1, 1, 1, 1, 1, 1, 1, 487, 1, 2, 2, 1, 3, 1, 34, 22, 16, 1, 1, 1, 3, 4, 1, 1, 1, 1, 1, 1, 1, 29, 1, 1, 202, 225, 2, 3, 2, 3, 1, 4, 1, 1, 2, 19
3, 2, 2, 1, 1, 1, 1, 2, 6, 9, 3, 4, 4, 4, 7, 38, 4, 2, 2, 1, 1, 24, 1, 1, 2, 3, 38, 22, 14, 2, 1, 1, 2, 2, 5, 3, 4, 6, 2, 2, 1, 1, 1, 1, 2, 3, 1, 4, 1, 1, 2, 2, 2, 4, 1, 1, 2, 1, 2, 2, 2, 2, 2, 490, 3, 26, 12, 9, 4, 2, 1, 9, 4, 13, 1, 1, 1, 2, 3, 1, 1, 1, 2, 1, 2, 20, 6, 201, 221, 2, 1, 1, 2, 1, 2, 1, 2, 1, 1, 17
2, 2, 1, 1, 1, 2, 1, 2, 1, 1, 10, 14, 5, 5, 50, 1, 7, 3, 2, 1, 26, 1, 1, 2, 2, 44, 26, 2, 2, 1, 1, 1, 1, 5, 1, 6, 4, 5, 7, 6, 2, 1, 1, 2, 2, 3, 9, 2, 1, 1, 2, 3, 3, 3, 6, 1, 2, 3, 2, 3, 3, 5, 1, 537, 40, 5, 11, 1, 1, 3, 1, 5, 3, 3, 10, 6, 3, 1, 1, 1, 2, 2, 2, 3, 19, 5, 6, 193, 1, 220, 1, 1, 1, 1, 1, 1, 1, 1, 1, 15
1, 1, 1, 1, 1, 2, 3, 2, 1, 2, 2, 1, 15, 6, 6, 51, 12, 3, 2, 27, 1, 1, 2, 2, 49, 28, 1, 1, 1, 1, 1, 1, 1, 1, 6, 12, 7, 5, 6, 8, 10, 1, 1, 2, 3, 3, 4, 13, 2, 1, 1, 3, 4, 4, 4, 8, 1, 3, 4, 3, 4, 4, 546, 1, 1, 8, 4, 10, 1, 1, 2, 2, 2, 2, 2, 2, 1, 1, 1, 1, 1, 3, 9, 14, 4, 5, 183, 8, 1, 217, 2, 2, 1, 2, 1, 1, 1, 2, 5, 9
1, 1, 1, 1, 2, 2, 3, 4, 4, 1, 3, 6, 8, 24, 7, 70, 1, 6, 1, 29, 1, 1, 2, 3, 80, 1, 1, 1, 1, 2, 2, 1, 1, 1, 4, 3, 19, 8, 6, 7, 9, 11, 3, 1, 112, 117, 4, 20, 2, 2, 1, 1, 5, 11, 17, 13, 1, 2, 4, 5, 4, 555, 1, 1, 1, 3, 3, 3, 8, 4, 1, 1, 1, 1, 1, 1, 1, 2, 1, 1, 1, 3, 2, 3, 4, 182, 3, 2, 2, 145, 71, 2, 3, 2, 2, 1, 1, 1, 2, 6
1, 1, 2, 8, 2, 17, 3, 4, 5, 6, 1, 1, 1, 1, 118, 183, 262, 2, 37, 2, 1, 4, 4, 81, 2, 2, 2, 1, 4, 3, 2, 3, 1, 1, 2, 3, 3, 26, 38, 52, 61, 76, 103, 108, 1, 5, 129, 27, 3, 2, 1, 1, 1, 1, 1, 19, 14, 2, 3, 5, 565, 2, 1, 1, 7, 4, 2, 2, 2, 2, 2, 1, 1, 1, 1, 1, 1, 4, 2, 1, 1, 1, 2, 3, 173, 4, 4, 2, 1, 1, 144, 66, 19, 15, 11, 7, 3, 1, 1, 4
1, 1, 4, 2, 12, 2, 21, 4, 5, 6, 7, 2, 83, 92, 57, 8, 8, 273, 276, 314, 318, 10, 82, 3, 3, 3, 2, 5, 4, 3, 5, 1, 1, 1, 2, 2, 3, 3, 7, 1, 5, 15, 1, 1, 4, 6, 4, 137, 33, 2, 2, 1, 1, 1, 1, 1, 20, 15, 3, 4, 573, 20, 16, 12, 2, 2, 3, 1, 1, 1, 1, 1, 3, 2, 1, 3, 5, 3, 2, 2, 1, 1, 2, 3, 166, 3, 3, 3, 1, 143, 1, 41, 1, 1, 1, 2, 2, 2, 1, 2
1, 1, 1, 1, 1, 1, 2, 25, 5, 6, 70, 79, 7, 56, 7, 7, 2, 2, 1, 1, 1, 320, 416, 4, 4, 3, 6, 5, 4, 6, 1, 2, 1, 1, 1, 2, 2, 3, 3, 4, 4, 9, 1, 2, 5, 3, 3, 3, 143, 38, 2, 1, 1, 2, 2, 2, 2, 21, 16, 4, 1002, 400, 2, 2, 2, 1, 1, 2, 1, 1, 1, 1, 7, 2, 4, 6, 4, 10, 6, 3, 1, 1, 2, 2, 160, 3, 2, 2, 2, 142, 13, 19, 8, 1, 1, 1, 1, 1, 1, 1
1, 1, 1, 1, 1, 1, 1, 1, 28, 57, 1, 6, 55, 6, 6, 1, 1, 67, 3, 2, 1, 1, 1, 524, 4, 7, 6, 5, 7, 2, 3, 2, 1, 1, 1, 1, 2, 2, 3, 3, 7, 1, 1, 4, 2, 2, 2, 2, 2, 144, 42, 2, 1, 1, 3, 3, 3, 3, 22, 1023, 3, 4, 399, 1, 1, 1, 1, 1, 2, 1, 1, 2, 11, 5, 7, 5, 11, 1, 1, 1, 1, 1, 1, 2, 3, 154, 2, 1, 1, 1, 141, 12, 18, 6, 2, 1, 1, 1, 1, 1
1, 2, 2, 2, 2, 2, 1, 1, 19, 4, 5, 54, 5, 5, 59, 63, 66, 3, 75, 83, 89, 94, 98, 3, 540, 7, 14, 8, 3, 4, 3, 2, 2, 2, 1, 1, 1, 2, 2, 5, 1, 2, 3, 1, 1, 1, 1, 1, 1, 3, 145, 43, 4, 1, 2, 301, 4, 4, 4, 1056, 5, 2, 3, 398, 199, 2, 2, 3, 2, 1, 1, 2, 19, 8, 6, 35, 22, 1, 2, 2, 1, 1, 1, 2, 2, 150, 1, 1, 1, 1, 5, 140, 11, 17, 2, 2, 2, 2, 1, 1
1, 2, 3, 3, 3, 3, 3, 18, 3, 4, 53, 4, 4, 58, 3, 2, 2, 4, 4, 3, 3, 2, 2, 1, 1, 563, 1, 4, 5, 4, 3, 3, 4, 1, 1, 1, 1, 1, 3, 1, 1, 1, 1, 1, 1, 1, 1, 1, 1, 55, 88, 237, 283, 290, 295, 4, 302, 5, 1065, 1, 2, 4, 1, 2, 198, 196, 4, 3, 2, 1, 1, 23, 54, 44, 37, 1, 1, 19, 3, 2, 2, 1, 1, 1, 4, 4, 141, 86, 2, 63, 5, 4, 139, 10, 16, 3, 3, 2, 1, 1
1, 3, 3, 4, 4, 4, 13, 2, 3, 52, 3, 3, 57, 2, 1, 1, 3, 3, 2, 2, 1, 1, 2, 1, 1, 1, 569, 6, 5, 4, 4, 5, 1, 2, 2, 1, 1, 1, 1, 2, 4, 8, 13, 2, 2, 2, 2, 2, 52, 29, 3, 2, 2, 3, 3, 1, 5, 303, 1072, 1, 1, 1, 3, 1, 1, 197, 189, 180, 169, 2, 24, 55, 1, 1, 1, 1, 1, 1, 13, 9, 4, 1, 1, 3, 3, 4, 49, 1, 82, 16, 52, 4, 3, 138, 9, 10, 3, 2, 1, 1
1, 1, 4, 4, 5, 5, 1, 2, 51, 2, 2, 52, 3, 1, 1, 2, 2, 1, 1, 1, 1, 1, 1, 5, 1, 1, 577, 6, 5, 5, 6, 2, 3, 3, 2, 1, 2, 1, 1, 1, 3, 3, 1, 19, 25, 39, 43, 48, 28, 2, 1, 1, 2, 2, 1, 1, 2, 1381, 2, 6, 4, 2, 1, 1, 1, 2, 193, 5, 8, 165, 56, 70, 55, 45, 2, 2, 2, 1, 1, 1, 2, 1, 1, 2, 3, 35, 11, 2, 1, 1, 15, 51, 3, 2, 137, 8, 3, 3, 1, 1
1, 2, 2, 5, 25, 36, 1, 50, 1, 1, 48, 2, 1, 2, 1, 1, 1, 1, 1, 1, 2, 2, 1, 49, 8, 578, 1, 12, 6, 7, 3, 4, 4, 1, 4, 5, 2, 1, 1, 2, 2, 2, 4, 3, 11, 1, 2, 24, 2, 1, 1, 1, 1, 1, 2, 2, 2, 3, 1390, 1, 12, 1, 1, 1, 1, 1, 2, 189, 4, 7, 84, 8, 13, 9, 41, 35, 2, 2, 2, 1, 2, 1, 1, 2, 34, 5, 3, 2, 1, 1, 2, 11, 50, 2, 1, 136, 7, 1, 1, 1
1, 4, 3, 15, 5, 6, 49, 12, 1, 42, 3, 2, 1, 1, 1, 1, 1, 15, 26, 29, 33, 39, 46, 5, 59, 650, 13, 7, 8, 4, 5, 5, 2, 5, 6, 1, 2, 1, 1, 1, 1, 1, 2, 10, 1, 1, 3, 18, 2, 1, 1, 1, 1, 1, 1, 3, 6, 1403, 2, 17, 1, 11, 2, 1, 1, 1, 2, 3, 183, 3, 6, 5, 7, 12, 8, 3, 30, 18, 1, 5, 2, 1, 1, 2, 30, 1, 4, 2, 1, 1, 1, 2, 7, 49, 1, 134, 1, 2, 1, 1
1, 2, 9, 4, 5, 6, 11, 14, 34, 3, 3, 2, 1, 1, 1, 8, 12, 9, 1, 2, 3, 4, 4, 4, 3, 3, 681, 9, 5, 6, 6, 3, 6, 7, 2, 3, 2, 2, 1, 1, 1, 1, 9, 2, 6, 2, 11, 5, 1, 1, 1, 4, 7, 10, 13, 2, 1, 1, 1423, 9, 3, 1, 7, 4, 1, 1, 2, 2, 178, 2, 2, 5, 4, 6, 11, 7, 2, 9, 14, 1, 2, 1, 1, 2, 3, 24, 2, 1, 1, 1, 1, 6, 9, 38, 1, 121, 12, 2, 4, 1
1, 2, 3, 4, 5, 10, 13, 3, 2, 2, 2, 2, 1, 1, 5, 2, 2, 6, 1, 2, 3, 3, 3, 2, 2, 7, 4, 696, 7, 7, 4, 7, 8, 3, 4, 3, 3, 4, 1, 1, 4, 8, 1, 3, 2, 10, 2, 1, 1, 1, 1, 1, 1, 1, 1, 15, 3, 1, 1436, 1, 8, 1, 1, 1, 1, 1, 1, 2, 173, 2, 1, 1, 4, 3, 5, 10, 6, 1, 8, 7, 2, 1, 1, 2, 20, 2, 1, 1, 1, 1, 5, 8, 16, 20, 1, 116, 4, 9, 2, 1
1, 2, 3, 4, 9, 1, 2, 9, 2, 1, 1, 1, 1, 2, 1, 1, 2, 3, 1, 2, 2, 2, 1, 1, 6, 3, 4, 12, 711, 5, 8, 9, 4, 5, 4, 14, 9, 1, 1, 1, 2, 1, 2, 1, 1, 1, 1, 1, 1, 1, 2, 1, 1, 1, 1, 1, 16, 1487, 6, 1, 2, 7, 4, 1, 1, 1, 1, 2, 158, 12, 1, 1, 1, 2, 2, 4, 9, 5, 4, 3, 2, 1, 1, 2, 15, 2, 1, 1, 1, 2, 7, 15, 2, 17, 1, 111, 3, 3, 2, 1
1, 2, 3, 7, 1, 1, 2, 4, 2, 1, 1, 1, 1, 1, 1, 1, 1, 1, 1, 1, 1, 1, 3, 5, 2, 3, 3, 3, 18, 725, 10, 5, 6, 5, 15, 1, 1, 3, 1, 1, 1, 1, 1, 1, 1, 2, 1, 2, 2, 2, 2, 3, 2, 2, 2, 2, 1505, 4, 40, 5, 1, 1, 1, 2, 2, 1, 1, 1, 2, 154, 11, 1, 1, 1, 1, 1, 3, 8, 4, 3, 2, 1, 1, 11, 2, 1, 1, 1, 2, 6, 14, 1, 9, 7, 103, 4, 3, 2, 2, 1
1, 2, 4, 1, 1, 1, 1, 1, 1, 1, 1, 3, 1, 1, 2, 2, 1, 1, 1, 1, 1, 1, 1, 1, 2, 2, 2, 2, 2, 757, 6, 7, 6, 16, 2, 5, 4, 2, 1, 1, 3, 6, 10, 2, 19, 1, 3, 5, 9, 13, 56, 63, 4, 3, 3, 3, 1512, 3, 3, 39, 1, 1, 1, 3, 2, 1, 1, 1, 2, 148, 3, 8, 5, 2, 1, 1, 1, 1, 7, 3, 2, 1, 1, 7, 2, 1, 1, 1, 2, 3, 10, 8, 6, 85, 13, 4, 3, 2, 1, 1
1, 1, 1, 1, 1, 1, 1, 1, 1, 1, 1, 2, 4, 2, 2, 3, 3, 4, 1, 1, 2, 2, 1, 1, 1, 1, 1, 1, 1, 1, 771, 53, 42, 11, 7, 1, 1, 1, 1, 1, 1, 2, 2, 15, 3, 25, 2, 1, 1, 40, 4, 4, 70, 76, 81, 4, 1519, 1, 2, 2, 38, 35, 27, 18, 11, 6, 2, 1, 1, 2, 144, 2, 1, 1, 2, 1, 1, 1, 3, 3, 2, 1, 1, 4, 1, 1, 1, 5, 2, 9, 7, 5, 84, 4, 4, 4, 3, 2, 1, 1
1, 1, 1, 1, 1, 2, 2, 3, 1, 3, 1, 2, 7, 1, 3, 3, 11, 1, 1, 2, 6, 1, 2, 1, 1, 1, 1, 1, 1, 1, 826, 5, 4, 14, 1, 2, 1, 2, 1, 1, 1, 1, 2, 2, 2, 3, 31, 36, 39, 3, 3, 2, 1, 1, 10, 82, 1525, 1, 1, 1, 1, 1, 6, 5, 4, 3, 2, 1, 1, 2, 140, 1, 1, 3, 2, 2, 2, 1, 1, 2, 2, 1, 1, 1, 1, 1, 2, 1, 8, 6, 4, 67, 12, 4, 3, 3, 3, 2, 1, 1
3, 1, 1, 2, 2, 2, 3, 3, 4, 2, 5, 1, 3, 8, 2, 4, 4, 14, 1, 1, 10, 3, 2, 1, 3, 1, 1, 2, 2, 829, 14, 4, 4, 3, 13, 8, 5, 1, 1, 1, 2, 1, 1, 1, 2, 2, 2, 2, 2, 2, 1, 1, 7, 9, 1, 11, 1609, 5, 1, 1, 1, 1, 7, 5, 4, 3, 2, 1, 1, 2, 136, 1, 4, 32, 27, 20, 13, 7, 4, 2, 1, 1, 1, 1, 1, 1, 1, 1, 5, 3, 51, 8, 7, 11, 3, 2, 2, 2, 1, 1
5, 1, 1, 2, 3, 3, 3, 4, 4, 5, 3, 6, 2, 4, 9, 3, 5, 5, 16, 1, 2, 11, 7, 4, 2, 1, 1, 2, 3, 852, 4, 4, 3, 3, 2, 2, 1, 1, 1, 2, 2, 3, 1, 1, 1, 1, 1, 1, 1, 1, 3, 5, 1, 1, 1, 2, 1626, 1, 2, 30, 26, 8, 5, 6, 4, 3, 2, 1, 1, 2, 1, 132, 33, 1, 2, 4, 4, 4, 1, 1, 1, 1, 1, 2, 2, 2, 2, 4, 2, 2, 43, 5, 7, 6, 10, 2, 1, 1, 1, 1
6, 1, 2, 2, 3, 4, 4, 4, 5, 5, 6, 10, 7, 3, 5, 10, 4, 6, 6, 17, 2, 3, 23, 5, 2, 1, 1, 877, 869, 7, 2, 3, 3, 2, 2, 1, 1, 1, 1, 2, 3, 7, 1, 1, 1, 1, 1, 1, 1, 1, 1, 1, 1, 5, 7, 10, 1630, 1, 31, 2, 2, 16, 2, 4, 5, 3, 2, 1, 1, 1, 3, 79, 12, 8, 1, 1, 3, 3, 3, 1, 1, 1, 2, 2, 3, 5, 1, 1, 1, 2, 29, 11, 4, 6, 5, 9, 1, 1, 1, 1
7, 1, 2, 3, 6, 4, 5, 5, 5, 6, 6, 1, 11, 8, 4, 6, 11, 5, 7, 7, 23, 24, 6, 1, 1, 1, 884, 3, 1, 9, 6, 1, 2, 2, 1, 1, 1, 1, 2, 2, 3, 12, 1, 1, 2, 2, 3, 1, 2, 2, 1, 1, 3, 1, 1, 1, 1642, 54, 5, 1, 1, 1, 8, 1, 3, 4, 2, 1, 1, 1, 55, 20, 3, 2, 6, 4, 2, 2, 2, 1, 1, 2, 2, 3, 3, 10, 1, 1, 1, 1, 9, 18, 10, 3, 5, 4, 8, 2, 1, 1
8, 1, 2, 3, 1, 19, 27, 36, 42, 48, 7, 7, 2, 12, 9, 5, 7, 12, 6, 8, 55, 7, 1, 913, 905, 898, 9, 1, 2, 5, 3, 5, 2, 1, 1, 1, 1, 2, 2, 3, 3, 16, 1, 2, 2, 5, 1, 4, 2, 3, 3, 2, 1, 1, 3, 4, 1698, 1, 17, 1, 1, 1, 1, 7, 4, 2, 3, 1, 1, 4, 43, 7, 19, 2, 1, 1, 1, 1, 1, 1, 1, 2, 3, 3, 17, 2, 2, 1, 1, 1, 4, 3, 17, 9, 2, 4, 3, 4, 1, 1
10, 1, 1, 5, 11, 3, 3, 2, 1, 1, 49, 8, 8, 3, 13, 10, 6, 8, 13, 7, 1003, 929, 924, 6, 5, 5, 4, 8, 4, 1, 4, 2, 2, 1, 1, 1, 3, 2, 5, 1, 4, 20, 1, 2, 3, 9, 1, 1, 7, 1, 4, 4, 3, 2, 1, 1, 1704, 1, 1, 16, 2, 2, 1, 2, 2, 3, 1, 2, 1, 2, 3, 37, 6, 18, 1, 1, 1, 1, 1, 1, 3, 7, 3, 4, 23, 3, 2, 2, 1, 1, 2, 3, 2, 16, 8, 1, 3, 2, 1, 1
12, 1, 1, 2, 2, 2, 1, 1, 4, 6, 8, 58, 68, 78, 83, 99, 112, 121, 9, 1024, 3, 3, 3, 4, 5, 4, 4, 3, 3, 3, 2, 1, 1, 1, 1, 3, 1, 4, 3, 6, 2, 5, 22, 1, 15, 1, 1, 2, 2, 8, 2, 5, 5, 4, 3, 1707, 2, 2, 3, 1, 12, 8, 5, 1, 1, 1, 2, 1, 1, 2, 3, 2, 31, 5, 17, 12, 8, 4, 1, 1, 2, 2, 8, 4, 5, 24, 8, 2, 2, 3, 1, 1, 2, 1, 15, 7, 3, 2, 1, 1
14, 1, 1, 1, 1, 1, 1, 1, 1, 1, 1, 1, 1, 1, 2, 2, 2, 2, 122, 1037, 1, 2, 2, 2, 3, 4, 3, 3, 2, 2, 2, 1, 1, 1, 1, 1, 4, 2, 12, 26, 7, 30, 1, 1, 17, 1, 2, 2, 3, 3, 9, 3, 6, 6, 5, 1830, 15, 10, 3, 1, 1, 1, 1, 1, 1, 1, 1, 1, 1, 2, 1, 19, 7, 4, 4, 3, 2, 2, 1, 1, 1, 1, 3, 9, 5, 6, 25, 13, 4, 2, 1, 1, 1, 1, 11, 3, 3, 2, 1, 1
16, 1, 1, 1, 1, 1, 2, 2, 2, 2, 2, 2, 1, 1, 1, 1, 1, 1, 4, 1161, 1, 1, 1, 1, 1, 2, 3, 2, 2, 1, 1, 1, 1, 2, 2, 2, 2, 5, 10, 3, 32, 8, 32, 1, 2, 18, 2, 3, 3, 4, 4, 10, 10, 1, 1851, 8, 102, 2, 3, 2, 1, 1, 1, 2, 2, 3, 1, 1, 1, 1, 13, 4, 1, 6, 3, 3, 2, 1, 1, 1, 1, 1, 2, 6, 10, 6, 7, 43, 3, 4, 2, 2, 1, 1, 7, 2, 2, 2, 1, 1
18, 2, 1, 1, 2, 2, 2, 3, 3, 3, 3, 3, 3, 2, 1, 1, 1, 1, 1, 1167, 2, 9, 1, 1, 1, 1, 1, 2, 1, 1, 1, 1, 1, 2, 3, 3, 6, 9, 2, 2, 2, 37, 48, 33, 22, 1, 1, 3, 4, 4, 5, 5, 11, 1905, 1, 1, 7, 101, 1, 2, 2, 2, 3, 3, 4, 1, 2, 1, 1, 2, 2, 7, 3, 3, 2, 2, 2, 1, 1, 1, 2, 2, 2, 1, 7, 11, 57, 4, 5, 1, 3, 2, 2, 2, 2, 2, 1, 1, 1, 1
1, 22, 2, 1, 1, 3, 3, 3, 4, 4, 4, 4, 4, 4, 3, 2, 2, 2, 2, 1171, 10, 1, 7, 4, 2, 1, 1, 1, 1, 1, 1, 2, 2, 2, 3, 4, 1, 1, 1, 1, 2, 2, 2, 52, 86, 23, 2, 2, 4, 9, 1, 6, 1922, 1, 41, 8, 5, 6, 100, 95, 90, 4, 4, 5, 2, 3, 2, 2, 1, 1, 1, 1, 6, 2, 2, 1, 1, 1, 1, 2, 2, 3, 3, 3, 2, 76, 1, 10, 2, 4, 3, 3, 1, 1, 1, 1, 1, 1, 1, 1
1, 2, 26, 2, 1, 1, 4, 4, 4, 5, 5, 5, 5, 5, 5, 4, 3, 3, 3, 1184, 2, 1, 1, 1, 8, 6, 4, 2, 1, 1, 2, 2, 3, 3, 3, 4, 5, 2, 1, 1, 1, 1, 1, 1, 1, 87, 24, 3, 3, 5, 10, 1930, 31, 24, 8, 32, 2, 4, 5, 4, 2, 83, 62, 50, 41, 3, 3, 2, 2, 1, 1, 1, 3, 1, 1, 1, 1, 1, 1, 2, 3, 3, 4, 4, 4, 80, 11, 3, 5, 4, 4, 2, 1, 1, 1, 1, 1, 1, 2, 2
1, 2, 3, 30, 1, 1, 3, 9, 15, 22, 30, 6, 6, 6, 6, 6, 5, 4, 1191, 3, 4, 2, 1, 9, 1, 1, 1, 1, 1, 1, 2, 3, 3, 4, 4, 4, 5, 8, 1, 2, 1, 1, 1, 1, 2, 2, 88, 25, 4, 4, 6, 1999, 5, 5, 15, 7, 31, 1, 3, 4, 3, 1, 16, 6, 6, 34, 9, 3, 2, 2, 1, 1, 1, 1, 1, 1, 3, 2, 1, 1, 3, 4, 4, 5, 89, 12, 4, 6, 10, 5, 3, 2, 1, 1, 4, 2, 1, 1, 2, 3
1, 2, 3, 35, 1, 1, 1, 1, 2, 2, 3, 36, 45, 54, 63, 7, 14, 6, 1199, 5, 1, 25, 23, 13, 10, 7, 2, 1, 1, 2, 2, 3, 4, 4, 5, 5, 5, 6, 9, 2, 3, 2, 2, 2, 2, 3, 3, 114, 1, 5, 2036, 14, 22, 4, 4, 14, 6, 30, 1, 2, 3, 2, 1, 14, 5, 5, 21, 3, 3, 2, 2, 1, 1, 1, 1, 2, 7, 2, 1, 1, 2, 4, 5, 99, 13, 5, 7, 11, 1, 4, 3, 1, 1, 7, 3, 2, 1, 1, 2, 3
1, 2, 41, 2, 2, 1, 1, 1, 1, 2, 2, 2, 2, 2, 2, 67, 1, 15, 1211, 28, 26, 1, 1, 1, 1, 1, 3, 1, 1, 3, 6, 9, 4, 5, 5, 6, 6, 6, 7, 10, 3, 4, 3, 3, 3, 3, 4, 4, 2291, 2169, 8, 12, 13, 21, 3, 3, 13, 5, 28, 1, 1, 2, 1, 9, 4, 4, 4, 20, 14, 9, 5, 2, 1, 1, 2, 2, 12, 2, 1, 1, 2, 3, 109, 14, 6, 1, 19, 2, 5, 4, 2, 1, 9, 4, 9, 4, 1, 1, 3, 6
1, 2, 3, 46, 2, 2, 1, 1, 1, 1, 1, 1, 1, 1, 1, 1, 68, 2, 1255, 1, 2, 2, 2, 1, 1, 1, 1, 1, 1, 1, 1, 1, 10, 5, 6, 6, 7, 7, 7, 8, 11, 4, 9, 4, 7, 1, 12, 2296, 3, 1, 124, 7, 11, 12, 20, 2, 2, 12, 4, 26, 19, 1, 1, 1, 7, 3, 3, 3, 2, 2, 1, 1, 1, 2, 2, 17, 3, 2, 1, 1, 2, 3, 127, 7, 1, 1, 23, 6, 5, 3, 2, 10, 5, 10, 2, 2, 1, 1, 1, 1
1, 2, 3, 52, 3, 2, 2, 1, 1, 3, 6, 1, 1, 1, 1, 1, 2, 69, 1259, 3, 6, 3, 2, 2, 2, 2, 2, 1, 1, 2, 2, 2, 2, 11, 6, 7, 7, 8, 8, 27, 1, 1, 1, 10, 12, 1, 2315, 3, 1, 2, 1, 122, 6, 10, 11, 19, 1, 1, 11, 3, 6, 17, 3, 1, 1, 5, 2, 2, 2, 1, 1, 1, 1, 2, 22, 4, 3, 2, 1, 1, 2, 3, 138, 1, 1, 2, 31, 6, 4, 3, 11, 6, 11, 6, 2, 1, 1, 1, 2, 7
1, 2, 3, 59, 3, 3, 2, 1, 1, 2, 2, 11, 16, 2, 2, 2, 2, 3, 1332, 7, 1, 3, 3, 3, 3, 3, 2, 1, 1, 2, 3, 3, 3, 3, 12, 7, 8, 8, 9, 37, 1, 1, 2, 2, 11, 2336, 2, 2, 2, 1, 90, 27, 4, 5, 9, 10, 18, 12, 1, 10, 2, 5, 13, 1, 1, 2, 2, 1, 1, 1, 1, 1, 2, 2, 3, 30, 3, 2, 1, 1, 2, 144, 1, 1, 2, 35, 7, 5, 4, 12, 7, 24, 10, 2, 1, 1, 1, 1, 3, 1
1, 7, 1, 1, 66, 3, 2, 1, 1, 1, 2, 3, 1, 17, 3, 3, 3, 3, 1343, 2, 4, 4, 4, 4, 4, 3, 2, 1, 1, 2, 3, 4, 4, 4, 4, 13, 8, 9, 9, 10, 38, 3, 1, 3, 2360, 5, 5, 1, 1, 1, 88, 1, 26, 3, 4, 8, 9, 5, 10, 5, 9, 1, 4, 12, 7, 4, 1, 1, 1, 1, 1, 3, 2, 3, 3, 4, 36, 1, 2, 1, 2, 148, 2, 3, 36, 8, 6, 5, 13, 8, 30, 3, 2, 1, 1, 1, 1, 2, 1, 1
1, 10, 1, 1, 71, 3, 2, 3, 1, 1, 2, 2, 4, 2, 18, 25, 4, 4, 1349, 5, 10, 5, 5, 5, 4, 3, 2, 1, 1, 2, 3, 7, 5, 5, 5, 5, 14, 9, 10, 10, 11, 2446, 2385, 2371, 5, 5, 4, 4, 1, 1, 10, 76, 6, 19, 2, 3, 7, 8, 4, 4, 4, 8, 4, 3, 3, 2, 3, 1, 1, 3, 2, 1, 4, 3, 4, 4, 5, 37, 2, 3, 152, 3, 4, 37, 9, 7, 6, 60, 45, 35, 3, 2, 2, 1, 1, 1, 2, 2, 3, 2
1, 13, 1, 1, 89, 11, 4, 1, 1, 1, 1, 1, 1, 5, 3, 7, 34, 5, 1359, 11, 1, 6, 6, 5, 4, 3, 2, 2, 1, 1, 3, 1, 8, 6, 6, 6, 6, 15, 10, 11, 2518, 16, 18, 10, 5, 4, 4, 3, 2, 5, 2, 2, 75, 5, 18, 1, 2, 6, 7, 3, 3, 3, 3, 3, 2, 2, 1, 1, 1, 1, 5, 3, 5, 10, 14, 5, 5, 6, 38, 158, 4, 5, 38, 10, 8, 7, 82, 2, 1, 1, 1, 2, 1, 1, 1, 2, 2, 10, 14, 18
1, 16, 1, 91, 2, 2, 4, 1, 1, 1, 1, 1, 3, 2, 6, 1, 1, 1399, 12, 2, 7, 7, 6, 5, 4, 3, 3, 2, 1, 1, 2, 4, 2, 9, 7, 7, 7, 7, 16, 2558, 17, 34, 15, 17, 9, 4, 3, 3, 2, 1, 4, 1, 1, 74, 4, 17, 1, 1, 5, 6, 2, 2, 2, 2, 2, 1, 1, 1, 1, 2, 1, 6, 1, 1, 1, 15, 6, 6, 7, 201, 6, 39, 11, 9, 8, 83, 1, 19, 1, 1, 1, 1, 1, 1, 1, 2, 5, 1, 1, 1
1, 19, 100, 7, 3, 1, 1, 1, 1, 6, 1, 1, 1, 4, 3, 1, 1, 2, 1414, 8, 8, 7, 6, 5, 4, 4, 3, 1, 1, 2, 2, 3, 5, 3, 10, 8, 8, 31, 2567, 2, 1, 16, 33, 14, 16, 8, 3, 2, 2, 1, 1, 2, 3, 64, 6, 3, 15, 8, 4, 4, 5, 1, 1, 1, 1, 1, 1, 1, 2, 4, 1, 2, 7, 3, 1, 2, 16, 7, 7, 215, 40, 12, 10, 9, 84, 2, 1, 5, 18, 12, 7, 1, 1, 1, 2, 2, 1, 1, 1, 2
21, 101, 1, 1, 1, 2, 1, 1, 8, 2, 1, 1, 1, 2, 5, 4, 27, 4, 1, 1431, 8, 7, 6, 5, 5, 4, 2, 1, 1, 2, 3, 3, 4, 6, 4, 11, 9, 2623, 8, 6, 1, 9, 6, 32, 13, 15, 7, 2, 1, 1, 1, 2, 2, 40, 21, 5, 2, 6, 3, 3, 3, 4, 2, 1, 1, 1, 1, 2, 2, 3, 5, 2, 13, 1, 1, 2, 3, 17, 230, 41, 13, 11, 10, 113, 25, 19, 14, 5, 4, 4, 3, 4, 1, 1, 4, 3, 3, 2, 2, 2
123, 2, 1, 1, 1, 1, 1, 1, 15, 2, 1, 1, 4, 7, 12, 21, 4, 36, 5, 2, 1447, 7, 6, 6, 5, 3, 2, 1, 1, 2, 3, 4, 4, 5, 7, 5, 2661, 9, 8, 7, 5, 4, 4, 5, 31, 12, 14, 6, 1, 1, 1, 1, 2, 2, 35, 20, 4, 1, 5, 2, 2, 2, 1, 1, 3, 1, 1, 2, 3, 3, 4, 6, 17, 1, 1, 2, 3, 4, 289, 14, 12, 11, 114, 3, 3, 3, 3, 3, 4, 3, 3, 2, 1, 1, 1, 5, 4, 25, 3, 32
126, 2, 2, 2, 2, 2, 2, 17, 1, 1, 1, 1, 1, 2, 3, 3, 4, 4, 37, 6, 1457, 7, 7, 6, 4, 3, 2, 1, 1, 2, 3, 4, 5, 5, 6, 2674, 8, 8, 8, 7, 6, 4, 3, 3, 4, 30, 11, 13, 5, 1, 1, 1, 1, 34, 11, 4, 4, 3, 2, 2, 1, 1, 1, 1, 2, 4, 3, 1, 3, 7, 1, 5, 24, 1, 2, 2, 3, 297, 15, 13, 12, 115, 7, 2, 2, 2, 2, 2, 2, 3, 2, 2, 1, 1, 1, 2, 17, 5, 26, 32
132, 3, 3, 3, 3, 3, 18, 1, 1, 1, 1, 1, 1, 2, 2, 3, 3, 5, 14, 56, 1471, 8, 7, 5, 4, 3, 2, 2, 1, 1, 3, 4, 5, 6, 6, 2704, 8, 7, 7, 7, 6, 5, 3, 2, 2, 3, 29, 10, 12, 2, 1, 1, 1, 2, 30, 10, 3, 3, 2, 1, 1, 2, 4, 1, 12, 24, 34, 1, 1, 4, 8, 2, 6, 25, 2, 3, 3, 316, 14, 13, 116, 10, 1, 1, 1, 1, 1, 1, 1, 1, 2, 1, 1, 1, 4, 9, 4, 5, 31, 5
1, 4, 4, 4, 4, 19, 2, 2, 1, 3, 3, 1, 1, 1, 2, 2, 4, 4, 4, 4, 57, 1487, 6, 5, 4, 3, 3, 2, 1, 1, 2, 4, 5, 2731, 2713, 7, 7, 7, 6, 6, 6, 5, 4, 2, 1, 1, 2, 28, 9, 11, 2, 2, 1, 1, 23, 5, 9, 2, 2, 1, 1, 1, 1, 9, 9, 1, 2, 40, 44, 48, 55, 9, 12, 19, 45, 3, 323, 15, 14, 117, 11, 1, 1, 1, 1, 1, 1, 1, 1, 1, 1, 1, 1, 1, 3, 3, 4, 20, 4, 1
1, 10, 5, 5, 20, 3, 3, 2, 4, 4, 1, 1, 1, 1, 1, 3, 3, 3, 3, 4, 12, 74, 1499, 5, 4, 4, 3, 1, 1, 2, 2, 3, 2741, 1, 1, 1, 6, 6, 6, 5, 5, 5, 4, 3, 1, 1, 2, 2, 23, 8, 7, 2, 1, 1, 17, 4, 4, 8, 1, 1, 1, 1, 3, 7, 1, 1, 3, 2, 2, 2, 1, 59, 1, 1, 1, 46, 342, 15, 1, 129, 87, 1, 2, 2, 2, 2, 2, 1, 3, 2, 1, 1, 1, 2, 2, 3, 19, 1, 2, 1
1, 17, 6, 21, 4, 4, 3, 5, 5, 2, 2, 2, 1, 1, 2, 2, 2, 2, 3, 3, 4, 4, 82, 1595, 5, 4, 2, 1, 1, 2, 3, 3, 2746, 26, 1, 9, 6, 5, 5, 5, 4, 4, 4, 3, 2, 1, 1, 2, 19, 1, 7, 2, 1, 1, 12, 3, 3, 3, 7, 4, 1, 1, 2, 2, 2, 2, 1, 1, 1, 1, 2, 1, 63, 2, 2, 2, 404, 1, 131, 88, 5, 84, 3, 3, 3, 3, 2, 4, 10, 7, 5, 3, 1, 1, 2, 13, 3, 2, 1, 1
1, 4, 51, 5, 5, 4, 6, 6, 3, 3, 3, 2, 1, 1, 1, 1, 1, 2, 2, 3, 3, 3, 4, 4, 1612, 3, 2, 1, 1, 2, 3, 4, 2776, 5, 23, 8, 2, 5, 4, 4, 4, 3, 3, 3, 2, 1, 1, 2, 2, 14, 3, 3, 1, 1, 7, 3, 2, 2, 2, 2, 1, 1, 1, 1, 1, 1, 1, 1, 1, 1, 1, 2, 1, 64, 3, 409, 2, 1, 220, 8, 1, 4, 78, 70, 62, 3, 5, 11, 1, 1, 1, 1, 1, 1, 2, 8, 2, 2, 1, 1
1, 2, 3, 68, 5, 7, 7, 4, 4, 4, 3, 2, 2, 1, 1, 1, 1, 1, 2, 2, 2, 3, 3, 3, 3, 1624, 2, 1, 1, 2, 3, 4, 2795, 4, 4, 5, 7, 1, 4, 3, 3, 3, 2, 2, 2, 1, 1, 1, 2, 8, 3, 2, 2, 1, 3, 2, 2, 1, 1, 1, 1, 1, 1, 1, 1, 1, 2, 2, 2, 2, 2, 1, 1, 3, 69, 485, 1, 1, 230, 5, 1, 2, 3, 4, 4, 55, 46, 27, 2, 2, 2, 2, 1, 1, 4, 2, 1, 1, 1, 1
1, 2, 3, 3, 81, 8, 5, 5, 5, 4, 3, 3, 1, 1, 4, 1, 1, 1, 1, 1, 2, 2, 2, 2, 3, 2, 1628, 1, 1, 2, 3, 2803, 1, 5, 3, 3, 4, 6, 3, 3, 2, 2, 2, 1, 1, 1, 1, 1, 1, 4, 2, 2, 1, 1, 1, 1, 1, 1, 1, 1, 1, 1, 2, 2, 3, 1, 2, 3, 3, 3, 6, 1, 1, 1, 1, 1, 489, 1, 294, 2, 4, 1, 1, 2, 3, 3, 3, 7, 23, 3, 3, 2, 1, 1, 1, 1, 1, 1, 1, 1
1, 2, 2, 1, 102, 6, 6, 6, 5, 4, 4, 1, 1, 2, 7, 2, 1, 1, 1, 1, 1, 1, 1, 2, 1, 1, 1633, 1, 1, 2, 2809, 2, 6, 3, 4, 2, 2, 3, 2, 2, 2, 1, 1, 1, 1, 2, 1, 1, 1, 1, 1, 1, 1, 1, 1, 1, 1, 2, 1, 1, 2, 2, 2, 3, 3, 4, 2, 3, 4, 4, 11, 2, 1, 1, 1, 1, 1, 821, 34, 56, 1, 1, 1, 1, 1, 2, 2, 2, 6, 17, 3, 2, 1, 1, 1, 1, 1, 3, 1, 1
1, 1, 1, 8, 6, 124, 7, 6, 5, 5, 2, 2, 1, 1, 3, 11, 2, 2, 1, 1, 1, 1, 1, 1, 1, 1, 1, 1635, 1, 2813, 3, 10, 2, 2, 2, 3, 1, 1, 2, 1, 1, 1, 1, 1, 4, 2, 2, 1, 1, 1, 1, 1, 2, 2, 1, 3, 1, 4, 1, 1, 2, 3, 3, 3, 4, 4, 5, 3, 4, 5, 18, 2, 1, 1, 2, 2, 829, 2, 2, 33, 55, 2, 2, 1, 1, 1, 1, 1, 1, 5, 10, 6, 3, 1, 1, 2, 3, 1, 4, 2
1, 1, 6, 5, 3, 3, 138, 6, 6, 3, 3, 2, 1, 1, 2, 17, 3, 2, 1, 1, 2, 2, 2, 1, 2, 2, 3, 1, 1636, 2818, 18, 5, 1, 1, 1, 1, 2, 1, 1, 1, 1, 1, 1, 7, 3, 3, 2, 2, 1, 1, 2, 5, 3, 2, 4, 2, 5, 1, 3, 1, 1, 4, 4, 4, 4, 5, 5, 6, 4, 5, 26, 2, 1, 1, 873, 838, 3, 3, 1, 1, 32, 51, 2, 2, 2, 1, 1, 1, 1, 1, 3, 1, 1, 1, 1, 2, 7, 1, 1, 5
1, 4, 4, 2, 2, 2, 152, 7, 4, 4, 3, 2, 1, 1, 2, 23, 1, 4, 2, 1, 1, 3, 3, 3, 2, 3, 7, 1, 4455, 24, 3, 2, 4, 1, 1, 1, 1, 2, 1, 1, 1, 4, 8, 4, 4, 3, 3, 2, 1, 1, 9, 4, 3, 5, 3, 6, 2, 1, 5, 1, 1, 1, 7, 12, 17, 22, 6, 6, 7, 5, 926, 887, 882, 877, 1, 29, 5, 2, 2, 1, 1, 29, 46, 40, 2, 2, 2, 2, 1, 1, 1, 1, 1, 1, 2, 11, 1, 2, 1, 2
1, 3, 1, 1, 1, 2, 4, 164, 5, 10, 5, 2, 1, 1, 2, 3, 24, 8, 2, 2, 1, 1, 4, 9, 1, 11, 2, 4456, 2531, 1, 2, 2, 1, 2, 2, 2, 3, 1, 3, 2, 1, 13, 5, 5, 4, 4, 3, 2, 1, 11, 1, 8, 6, 4, 7, 3, 1, 1, 8, 2, 1, 1, 1, 1, 1, 1, 23, 7, 7, 951, 4, 5, 3, 3, 2, 24, 4, 4, 1, 1, 1, 2, 25, 3, 35, 31, 3, 2, 2, 1, 1, 1, 1, 2, 15, 2, 3, 2, 1, 1
1, 1, 1, 1, 1, 3, 2, 174, 11, 1, 1, 1, 1, 2, 2, 3, 4, 33, 1, 5, 1, 2, 15, 2, 1, 1, 4470, 2532, 2, 2505, 2, 1, 1, 3, 3, 4, 2, 4, 3, 2, 14, 6, 6, 5, 5, 4, 3, 2, 12, 2, 9, 7, 5, 8, 4, 1, 1, 11, 3, 1, 2, 1, 1, 2, 2, 2, 2, 24, 979, 7, 8, 3, 4, 2, 2, 1, 23, 3, 3, 1, 1, 2, 19, 3, 2, 1, 25, 6, 2, 2, 2, 1, 1, 2, 20, 4, 3, 2, 1, 1
1, 1, 1, 2, 2, 1, 1, 188, 2, 1, 1, 1, 2, 2, 3, 3, 4, 5, 34, 2, 6, 19, 3, 2, 2, 4471, 2561, 25, 5, 1, 2502, 1, 4, 4, 5, 3, 5, 4, 3, 15, 7, 7, 6, 6, 5, 4, 3, 13, 3, 10, 8, 6, 9, 5, 2, 2, 12, 4, 2, 3, 2, 1, 1, 2, 3, 3, 3, 1006, 5, 6, 6, 7, 2, 3, 1, 1, 19, 3, 2, 1, 1, 15, 2, 1, 2, 1, 14, 2, 1, 1, 5, 3, 2, 2, 23, 1, 10, 2, 1, 1
1, 4, 7, 10, 14, 15, 1, 193, 2, 1, 1, 3, 1, 3, 3, 4, 4, 5, 6, 35, 45, 53, 25, 3, 4472, 2568, 3, 3, 17, 4, 2, 2501, 5, 6, 4, 6, 5, 4, 16, 8, 8, 7, 7, 6, 5, 4, 14, 4, 11, 9, 7, 10, 6, 3, 1, 1, 19, 3, 1, 6, 1, 1, 2, 2, 3, 4, 4, 1022, 2, 4, 5, 5, 6, 1, 2, 1, 15, 2, 2, 1, 1, 11, 2, 1, 1, 2, 9, 2, 1, 1, 2, 9, 15, 3, 3, 24, 14, 2, 1, 1
1, 1, 1, 1, 1, 1, 16, 1, 197, 1, 1, 2, 4, 2, 4, 4, 14, 1, 1, 7, 1, 1, 82, 1, 7049, 4, 3, 2, 2, 16, 1, 1, 2491, 2482, 2475, 6, 5, 17, 9, 9, 8, 8, 7, 6, 5, 15, 5, 12, 10, 8, 11, 7, 4, 1, 1, 22, 4, 1, 1, 9, 1, 1, 4, 1, 3, 4, 1031, 3, 5, 1, 3, 4, 4, 5, 2, 1, 9, 5, 1, 1, 5, 3, 2, 1, 1, 2, 5, 1, 1, 1, 1, 2, 1, 20, 4, 42, 3, 2, 1, 1
1, 1, 1, 1, 1, 2, 2, 17, 2, 198, 2, 2, 3, 5, 3, 23, 2, 1, 1, 2, 1, 1, 85, 7086, 35, 4, 3, 2, 1, 1, 15, 2, 1, 1, 2, 2462, 2413, 2394, 2379, 9, 9, 8, 7, 6, 16, 6, 13, 11, 9, 12, 8, 5, 2, 1, 1, 28, 2, 1, 1, 12, 1, 1, 2, 5, 2, 4, 1039, 2, 2, 4, 2, 2, 3, 3, 2, 1, 1, 7, 4, 2, 2, 2, 2, 1, 1, 1, 2, 1, 1, 1, 1, 1, 3, 2, 24, 31, 43, 7, 1, 1
1, 2, 2, 2, 2, 2, 3, 20, 1, 3, 199, 3, 3, 4, 6, 29, 2, 1, 1, 4, 1, 2, 7173, 1, 1, 34, 3, 2, 1, 1, 2, 9, 1, 1, 13, 27, 3, 1, 5, 2360, 2344, 8, 2088, 17, 7, 14, 12, 10, 13, 9, 6, 3, 2, 1, 1, 32, 2, 1, 1, 15, 1, 1, 2, 8, 1, 1046, 10, 2, 1, 1, 1, 1, 1, 2, 2, 1, 1, 4, 1, 1, 1, 1, 1, 1, 1, 1, 1, 1, 1, 2, 2, 1, 1, 1, 2, 2, 35, 44, 9, 1
1, 2, 3, 3, 3, 3, 6, 1, 21, 2, 4, 200, 4, 4, 5, 51, 12, 9, 5, 1, 2, 1, 7181, 1, 24, 6, 3, 2, 1, 1, 2, 3, 3, 12, 26, 1, 1, 4, 1, 2, 3, 2327, 1, 2064, 2047, 1, 23, 14, 10, 7, 4, 3, 2, 1, 1, 36, 2, 2, 16, 1, 1, 2, 12, 1, 1, 1061, 2, 5, 1, 1, 1, 1, 1, 1, 1, 1, 1, 1, 1, 1, 1, 1, 1, 1, 1, 4, 1, 1, 1, 2, 3, 3, 1, 1, 1, 1, 2, 39, 85, 97
1, 2, 3, 4, 4, 4, 11, 1, 1, 22, 3, 5, 201, 14, 53, 1, 1, 1, 2, 1, 1, 7185, 4, 3, 9, 14, 5, 2, 1, 1, 2, 2, 3, 7, 1, 25, 2, 1, 1, 2, 11, 3, 223, 1, 8, 2031, 2006, 1987, 1965, 5, 4, 3, 2, 2, 1, 1, 41, 17, 2, 2, 1, 1, 16, 1, 1066, 1, 1, 1, 4, 2, 2, 2, 2, 1, 1, 1, 1, 1, 2, 2, 2, 2, 1, 1, 2, 7, 2, 1, 1, 2, 6, 1, 4, 2, 1, 1, 1, 1, 2, 2
1, 2, 5, 10, 15, 9, 1, 12, 2, 2, 23, 4, 6, 269, 1, 1, 1, 1, 1, 7275, 1, 7239, 40, 3, 2, 8, 13, 4, 1, 1, 1, 2, 3, 3, 8, 6, 10, 1, 1, 10, 2, 221, 1, 1, 5, 1, 1, 4, 11, 1952, 1928, 1, 5, 2, 2, 1, 1, 61, 1, 1, 5, 17, 2, 1067, 1, 2, 1, 1, 1, 3, 3, 3, 2, 2, 1, 1, 4, 3, 3, 3, 1, 4, 1, 1, 2, 12, 1, 1, 3, 1, 9, 1, 2, 5, 4, 1, 1, 1, 1, 2
1, 2, 1, 1, 1, 25, 1, 2, 13, 3, 3, 34, 270, 2, 2, 1, 3, 2, 7281, 1, 7271, 1, 9, 39, 2, 1, 7, 12, 3, 1, 1, 2, 2, 7, 5, 1, 7, 1, 9, 1, 6, 6, 208, 1, 2, 1, 3, 3, 3, 4, 19, 1923, 1909, 1905, 1901, 2, 1, 1807, 1, 1738, 1729, 1078, 1074, 5, 1, 1, 2, 2, 4, 4, 4, 3, 3, 2, 2, 5, 4, 4, 4, 2, 1, 6, 1, 1, 2, 3, 15, 1, 1, 14, 1, 1, 4, 1, 11, 2, 1, 1, 1, 1
4, 1, 1, 1, 2, 2, 26, 2, 19, 4, 35, 7592, 7320, 7317, 7310, 7305, 7297, 7291, 8, 4, 4, 26, 23, 8, 38, 1, 1, 6, 11, 1, 1, 1, 6, 2, 2, 4, 2, 4, 4, 5, 5, 7, 199, 1, 1, 2, 2, 2, 3, 6, 2, 10, 8, 1, 1, 1897, 1874, 1, 1743, 2, 2, 633, 1, 1, 2, 3, 3, 5, 5, 5, 4, 4, 3, 3, 6, 5, 5, 5, 3, 1, 8, 1, 1, 2, 2, 3, 4, 17, 1, 17, 1, 1, 6, 1, 2, 15, 2, 1, 1, 1
1, 5, 2, 2, 7, 1, 1, 27, 26, 36, 7593, 131, 1, 123, 4, 3, 4, 3, 1, 7, 3, 3, 2, 22, 7, 37, 18, 5, 5, 10, 1, 5, 1, 1, 3, 1, 3, 3, 4, 4, 6, 6, 191, 1, 1, 1, 1, 2, 5, 1, 2, 3, 4, 7, 3, 17, 1, 65, 1, 1, 1, 1, 632, 630, 628, 4, 6, 6, 6, 5, 5, 4, 4, 1, 12, 6, 6, 4, 2, 1, 10, 1, 1, 2, 3, 3, 4, 5, 18, 2, 20, 1, 1, 7, 19, 3, 1, 1, 2, 2
1, 2, 18, 8, 1, 1, 29, 27, 37, 7594, 132, 42, 130, 1, 122, 3, 2, 3, 2, 3, 3, 2, 2, 1, 21, 6, 17, 12, 4, 4, 8, 4, 4, 1, 1, 2, 2, 3, 3, 5, 5, 6, 6, 178, 1, 1, 1, 1, 3, 1, 2, 3, 6, 2, 8, 2, 6, 1, 63, 48, 9, 7, 2, 1, 1, 620, 7, 7, 6, 6, 5, 5, 2, 1, 19, 7, 5, 1, 1, 3, 13, 2, 1, 1, 3, 4, 8, 1, 6, 41, 2, 1, 1, 28, 4, 2, 1, 1, 2, 3
1, 22, 1, 3, 1, 31, 28, 38, 7595, 187, 50, 4, 41, 5, 119, 2, 2, 1, 2, 1, 2, 2, 1, 1, 1, 19, 5, 16, 11, 3, 3, 3, 3, 3, 1, 1, 2, 2, 4, 4, 5, 5, 6, 168, 2, 1, 1, 1, 1, 1, 2, 5, 1, 7, 1, 2, 3, 4, 5, 5, 38, 1, 4, 1, 1, 2, 603, 7, 7, 6, 6, 3, 2, 20, 8, 6, 2, 1, 1, 18, 3, 2, 1, 1, 2, 8, 1, 9, 2, 7, 45, 1, 1, 34, 3, 2, 1, 1, 2, 3
24, 1, 5, 1, 32, 29, 39, 7596, 202, 5, 4, 3, 3, 40, 4, 118, 1, 1, 42, 1, 1, 1, 1, 16, 8, 17, 1, 4, 15, 10, 2, 2, 2, 2, 2, 1, 1, 3, 3, 4, 4, 5, 5, 6, 156, 2, 1, 1, 1, 1, 1, 3, 1, 5, 1, 2, 3, 4, 4, 23, 2, 12, 2, 1, 1, 2, 3, 583, 548, 7, 4, 3, 21, 9, 7, 3, 2, 2, 1, 1, 24, 2, 2, 1, 1, 12, 1, 1, 10, 3, 54, 1, 1, 39, 3, 2, 1, 1, 2, 3
26, 1, 7, 1, 1, 101, 7809, 212, 5, 9, 4, 3, 2, 2, 39, 3, 117, 47, 2, 41, 34, 29, 24, 4, 7, 7, 16, 3, 3, 14, 9, 1, 1, 1, 1, 1, 2, 2, 3, 3, 4, 4, 5, 6, 6, 140, 2, 2, 1, 1, 1, 1, 1, 3, 1, 2, 3, 3, 3, 9, 10, 1, 11, 1, 1, 2, 6, 20, 1, 534, 4, 22, 10, 8, 4, 3, 3, 1, 3, 1, 25, 1, 6, 2, 1, 1, 14, 1, 2, 68, 2, 1, 1, 44, 17, 13, 1, 6, 1, 1
8018, 8, 1, 7968, 7964, 7861, 1, 4, 4, 4, 8, 3, 2, 1, 1, 38, 2, 69, 2, 1, 5, 4, 4, 3, 3, 6, 6, 12, 2, 2, 13, 8, 1, 1, 1, 1, 1, 2, 2, 3, 3, 4, 5, 5, 6, 122, 8, 2, 2, 1, 1, 1, 1, 1, 1, 2, 2, 2, 8, 1, 7, 1, 1, 9, 1, 5, 6, 6, 7, 21, 504, 11, 9, 5, 4, 4, 2, 4, 2, 26, 1, 1, 2, 9, 1, 2, 2, 15, 72, 3, 2, 68, 66, 20, 1, 1, 10, 2, 1, 1
36, 7982, 7975, 1, 1, 1, 50, 4, 3, 3, 3, 7, 2, 1, 1, 34, 2, 1, 68, 1, 3, 4, 3, 3, 2, 2, 5, 5, 11, 1, 1, 12, 6, 2, 1, 1, 1, 1, 2, 2, 3, 4, 4, 5, 5, 6, 110, 3, 2, 2, 2, 1, 1, 1, 1, 1, 1, 2, 5, 1, 2, 3, 4, 4, 4, 5, 5, 6, 6, 7, 7, 470, 6, 5, 5, 3, 5, 3, 27, 1, 3, 1, 1, 3, 10, 2, 219, 199, 125, 120, 69, 1, 28, 1, 1, 1, 4, 1, 1, 1
30, 5, 5, 5, 1, 35, 3, 3, 3, 2, 2, 2, 6, 1, 1, 30, 2, 1, 1, 66, 2, 2, 3, 2, 2, 1, 1, 4, 4, 10, 6, 3, 11, 2, 2, 2, 1, 1, 1, 2, 3, 3, 4, 4, 5, 5, 6, 98, 3, 3, 2, 2, 2, 1, 1, 1, 1, 1, 3, 1, 2, 3, 3, 3, 4, 4, 5, 5, 6, 6, 7, 7, 440, 416, 4, 6, 1, 31, 2, 1, 1, 4, 2, 2, 16, 220, 1, 1, 1, 1, 48, 36, 2, 27, 14, 10, 3, 3, 1, 1
1, 28, 4, 4, 3, 32, 2, 2, 2, 2, 1, 1, 1, 5, 17, 6, 6, 1, 1, 16, 43, 1, 1, 2, 1, 1, 1, 1, 3, 3, 3, 2, 2, 10, 3, 1, 1, 1, 1, 2, 2, 3, 3, 4, 4, 5, 5, 6, 81, 3, 3, 3, 2, 2, 2, 1, 1, 1, 1, 1, 2, 2, 2, 3, 3, 4, 4, 5, 5, 6, 6, 6, 6, 6, 406, 366, 357, 320, 316, 313, 1, 298, 289, 267, 249, 26, 20, 14, 1, 1, 5, 4, 5, 1, 12, 2, 2, 2, 1, 1
1, 19, 7, 3, 3, 2, 31, 1, 1, 1, 1, 1, 1, 2, 1, 16, 5, 5, 5, 4, 6, 42, 35, 32, 1, 2, 5, 3, 2, 2, 2, 2, 1, 1, 4, 2, 2, 1, 1, 1, 2, 2, 3, 3, 4, 4, 5, 5, 5, 64, 4, 3, 3, 3, 2, 2, 1, 1, 1, 1, 1, 1, 2, 2, 3, 3, 4, 4, 5, 5, 5, 5, 5, 5, 5, 23, 7, 5, 1, 1, 310, 3, 2, 19, 1, 2, 4, 4, 12, 8, 4, 4, 3, 4, 3, 8, 1, 1, 1, 1
9, 3, 6, 6, 2, 2, 1, 30, 21, 1, 2, 1, 1, 1, 1, 10, 4, 4, 4, 4, 3, 5, 6, 2, 31, 13, 1, 1, 1, 1, 1, 1, 1, 1, 1, 3, 2, 1, 1, 1, 1, 2, 2, 3, 3, 4, 4, 4, 4, 4, 48, 4, 4, 3, 3, 2, 2, 2, 1, 1, 1, 1, 1, 2, 2, 3, 3, 4, 4, 4, 4, 4, 4, 4, 6, 3, 13, 6, 4, 4, 3, 1, 2, 1, 18, 1, 1, 3, 3, 3, 3, 3, 3, 2, 3, 2, 7, 3, 1, 1
6, 2, 2, 5, 5, 1, 1, 1, 7, 19, 14, 10, 1, 1, 1, 5, 3, 3, 3, 3, 3, 2, 4, 5, 1, 15, 6, 2, 1, 1, 1, 1, 2, 1, 1, 7, 2, 2, 2, 1, 1, 1, 2, 2, 3, 3, 3, 3, 3, 3, 3, 34, 4, 4, 3, 3, 3, 2, 2, 2, 1, 1, 1, 1, 2, 2, 3, 3, 3, 3, 3, 3, 3, 5, 2, 2, 3, 7, 5, 3, 3, 2, 1, 1, 14, 1, 2, 1, 2, 2, 2, 2, 2, 2, 1, 2, 1, 3, 1, 1
3, 2, 1, 1, 4, 4, 2, 2, 2, 2, 2, 2, 7, 4, 2, 2, 2, 2, 2, 2, 2, 2, 1, 3, 4, 2, 14, 2, 2, 2, 5, 3, 2, 10, 8, 3, 3, 3, 1, 1, 1, 1, 1, 2, 2, 2, 2, 2, 2, 2, 2, 2, 21, 4, 4, 4, 3, 3, 3, 2, 2, 1, 1, 1, 1, 2, 2, 2, 2, 2, 2, 2, 4, 1, 1, 2, 4, 1, 1, 4, 2, 2, 1, 1, 4, 8, 1, 1, 1, 1, 1, 1, 1, 1, 1, 1, 1, 1, 1, 1
1, 1, 1, 1, 1, 1, 1, 1, 1, 1, 1, 1, 1, 1, 1, 1, 1, 1, 1, 1, 1, 1, 1, 1, 1, 1, 1, 13, 10, 7, 1, 14, 11, 1, 16, 12, 8, 4, 2, 2, 1, 1, 1, 1, 1, 1, 1, 1, 1, 1, 1, 1, 1, 10, 5, 4, 4, 4, 3, 3, 2, 2, 1, 1, 1, 1, 1, 1, 1, 1, 1, 1, 1, 1, 1, 1, 1, 1, 1, 1, 1, 1, 1, 1, 1, 1, 4, 2, 1, 1, 1, 1, 1, 1, 2, 1, 1, 1, 1, 1
1, 1, 1, 1, 1, 1, 1, 1, 1, 1, 1, 1, 1, 1, 1, 1, 1, 1, 1, 1, 1, 1, 1, 1, 1, 1, 1, 1, 1, 1, 15, 1, 2, 17, 1, 1, 1, 1, 3, 2, 2, 1, 1, 1, 1, 1, 1, 1, 1, 1, 1, 1, 1, 1, 5, 5, 5, 4, 4, 3, 3, 2, 2, 1, 1, 1, 1, 1, 1, 1, 1, 1, 1, 1, 1, 1, 1, 1, 1, 1, 1, 1, 1, 1, 1, 1, 1, 2, 2, 2, 1, 3, 2, 3, 2, 2, 2, 2, 1, 1
